{
    "Anchor 0": {
        "details": {
            "point_1": {
                "theoretical_distance": 207.34042523014944,
                "measured_ranges": [
                    271.0,
                    270.0,
                    270.0,
                    269.0,
                    270.0,
                    269.0,
                    269.0,
                    277.0,
                    275.0,
                    273.0,
                    273.0,
                    272.0,
                    272.0,
                    274.0,
                    274.0,
                    275.0,
                    275.0,
                    275.0,
                    275.0,
                    275.0,
                    275.0,
                    275.0,
                    274.0,
                    275.0,
                    274.0,
                    275.0,
                    274.0,
                    274.0,
                    275.0,
                    274.0,
                    275.0,
                    274.0,
                    274.0,
                    273.0,
                    273.0,
                    274.0,
                    274.0,
                    274.0,
                    275.0,
                    275.0
                ],
                "offset": 66.13457476985059
            },
            "point_2": {
                "theoretical_distance": 319.35992680501033,
                "measured_ranges": [
                    276.0,
                    276.0,
                    277.0,
                    277.0,
                    276.0,
                    276.0,
                    276.0,
                    275.0,
                    276.0,
                    275.0,
                    275.0,
                    275.0,
                    275.0,
                    274.0,
                    274.0,
                    274.0,
                    274.0,
                    275.0,
                    276.0,
                    275.0,
                    276.0,
                    275.0,
                    274.0,
                    273.0,
                    274.0,
                    273.0,
                    273.0,
                    273.0,
                    273.0,
                    273.0,
                    274.0,
                    273.0,
                    273.0,
                    273.0,
                    274.0,
                    273.0,
                    272.0,
                    272.0,
                    272.0,
                    273.0
                ],
                "offset": -45.03492680501034
            },
            "point_3": {
                "theoretical_distance": 351.63459743633365,
                "measured_ranges": [
                    272.0,
                    272.0,
                    273.0,
                    272.0,
                    272.0,
                    272.0,
                    272.0,
                    271.0,
                    272.0,
                    271.0,
                    271.0,
                    270.0,
                    271.0,
                    270.0,
                    271.0,
                    272.0,
                    272.0,
                    272.0,
                    271.0,
                    272.0,
                    272.0,
                    273.0,
                    273.0,
                    273.0,
                    273.0,
                    273.0,
                    273.0,
                    274.0,
                    274.0,
                    273.0,
                    273.0,
                    274.0,
                    274.0,
                    274.0,
                    273.0,
                    273.0,
                    274.0,
                    274.0,
                    274.0,
                    275.0
                ],
                "offset": -79.13459743633365
            },
            "point_4": {
                "theoretical_distance": 406.47944520858107,
                "measured_ranges": [
                    271.0,
                    271.0,
                    272.0,
                    271.0,
                    271.0,
                    271.0,
                    271.0,
                    271.0,
                    270.0,
                    270.0,
                    271.0,
                    270.0,
                    270.0,
                    272.0,
                    271.0,
                    272.0,
                    272.0,
                    271.0,
                    272.0,
                    273.0,
                    272.0,
                    272.0,
                    272.0,
                    272.0,
                    272.0,
                    272.0,
                    271.0,
                    273.0,
                    274.0,
                    275.0,
                    277.0,
                    281.0,
                    285.0,
                    299.0,
                    307.0,
                    306.0,
                    301.0,
                    298.0,
                    295.0,
                    294.0
                ],
                "offset": -129.2044452085811
            },
            "point_5": {
                "theoretical_distance": 518.4345444291007,
                "measured_ranges": [
                    365.0,
                    366.0,
                    362.0,
                    363.0,
                    364.0,
                    364.0,
                    364.0,
                    364.0,
                    365.0,
                    366.0,
                    367.0,
                    361.0,
                    361.0,
                    362.0,
                    363.0,
                    358.0,
                    360.0,
                    361.0,
                    361.0,
                    362.0,
                    363.0,
                    364.0,
                    360.0,
                    361.0,
                    356.0,
                    353.0,
                    355.0,
                    357.0,
                    358.0,
                    354.0,
                    356.0,
                    359.0,
                    360.0,
                    363.0,
                    364.0,
                    359.0,
                    354.0,
                    357.0,
                    359.0,
                    360.0
                ],
                "offset": -157.65954442910072
            }
        },
        "average_offset": -68.97978782183505
    },
    "Anchor 1": {
        "details": {
            "point_1": {
                "theoretical_distance": 519.5983240415936,
                "measured_ranges": [
                    382.0,
                    383.0,
                    383.0,
                    383.0,
                    383.0,
                    383.0,
                    382.0,
                    381.0,
                    382.0,
                    382.0,
                    383.0,
                    383.0,
                    383.0,
                    382.0,
                    383.0,
                    383.0,
                    383.0,
                    383.0,
                    384.0,
                    384.0,
                    384.0,
                    384.0,
                    384.0,
                    384.0,
                    384.0,
                    384.0,
                    385.0,
                    386.0,
                    387.0,
                    387.0,
                    388.0,
                    388.0,
                    389.0,
                    389.0,
                    389.0,
                    387.0,
                    384.0,
                    383.0,
                    383.0,
                    383.0
                ],
                "offset": -135.42332404159362
            },
            "point_2": {
                "theoretical_distance": 320.56236288397383,